{"dev_f1": 0.6402081977878985, "dev_loss": 0.19634531438350677, "dev_acc": 0.9612279921184771, "dev_recall": 0.5885167464114832, "dev_precision": 0.7018544935805991, "test_f1": 0.5421558164354322, "test_loss": 0.3749590516090393, "test_acc": 0.9536205864751646, "test_recall": 0.47080630213160335, "test_precision": 0.6389937106918239, "_timestamp": 1682409515.992703, "_runtime": 9582.630864858627, "_step": 14, "_wandb": {"runtime": 9582}}